{
    "baseline": {
        "image_mean": 0.7447789569695791,
        "text_mean": 0.27074649830659225
    },
    "naive": {
        "image_mean": 0.7393220866719882,
        "text_mean": 0.2825234988083442
    },
    "deep": {
        "image_mean": 0.780314888060093,
        "text_mean": 0.26946480944752693
    }
}